{"VBI": ["infinitive of the verb \"BE\"", "be "], "NULL": ["the null tag (for items not to be tagged)", ""], "VBN": ["past participle of the verb \"BE\"", "been "], "PRF": ["the preposition OF", "of "], "VBB": ["the \"base forms\" of the verb \"BE\" (except the infinitive)", "am, are "], "VHZ": ["-s form of the verb \"HAVE\"", "has, 's "], "CJS": ["subordinating conjunction", "although, when "], "NN2": ["plural noun", "pencils, geese "], "VBG": ["-ing form of the verb \"BE\"", "being "], "VHG": ["-ing form of the verb \"HAVE\"", "having "], "VBZ": ["-s form of the verb \"BE\"", "is, 's "], "VHB": ["base form of the verb \"HAVE\" (except the infinitive)", "have "], "NP0": ["proper noun", "London, Michael, Mars "], "AV0": ["adverb (unmarked)", "often, well, longer, furthest "], "VHN": ["past participle of the verb \"HAVE\"", "had "], "PRP": ["preposition (except for OF)", "for, above, to "], "VHI": ["infinitive of the verb \"HAVE\"", "have "], "AJC": ["comparative adjective", "better, older "], "VDB": ["base form of the verb \"DO\" (except the infinitive)", "do "], "PNI": ["indefinite pronoun", "none, everything "], "NN1": ["singular noun", "pencil, goose "], "TO0": ["infinitive marker TO", "to "], "VDZ": ["-s form of the verb \"DO\"", "does "], "VM0": ["modal auxiliary verb", "can, could, will, 'll "], "PUQ": ["punctuation", "quotation mark - ` ' \" "], "AJS": ["superlative adjective", "best, oldest "], "VVD": ["past tense form of lexical verb", "took, lived "], "PNX": ["reflexive pronoun", "itself, ourselves "], "VDG": ["-ing form of the verb \"DO\"", "doing "], "VDD": ["past form of the verb \"DO\"", "did "], "DT0": ["general determiner", "these, some "], "PNP": ["personal pronoun", "you, them, ours "], "VDI": ["infinitive of the verb \"DO\"", "do "], "VDN": ["past participle of the verb \"DO\"", "done "], "VVN": ["past participle form of lex. verb", "taken, lived "], "AT0": ["article", "THE, A, AN "], "VVI": ["infinitive of lexical verb", "take, live "], "UNC": ["\"unclassified\" items which are not words of the English lexicon", ""], "VBD": ["past form of the verb \"BE\"", "was, were "], "VVG": ["-ing form of lexical verb", "taking, living "], "CRD": ["cardinal numeral", "3, fifty-five, 6609 (excl one) "], "VVB": ["base form of lexical verb (except the infinitive)", "take, live "], "EX0": ["existential THERE", "there "], "CJC": ["coordinating conjunction", "and, or "], "AJ0": ["adjective (unmarked)", "good, old "], "ZZ0": ["alphabetical symbol", "A, B, c, d "], "VVZ": ["-s form of lexical verb", "takes, lives "], "DTQ": ["wh-determiner", "whose, which "], "ITJ": ["interjection or other isolate", "oh, yes, mhm "], "ORD": ["ordinal", "sixth, 77th, last "], "PNQ": ["wh-pronoun", "who, whoever "], "PUR": ["punctuation", "right bracket - ) or ] "], "NN0": ["noun (neutral for number)", "aircraft, data "], "VHD": ["past tense form of the verb \"HAVE\"", "had, 'd "], "DPS": ["possessive determiner form", "your, their "], "XX0": ["the negative NOT or N'T", "not "], "AVP": ["adverb particle", "up, off, out "], "PUN": ["punctuation", "general mark - . ! , : ; - ? ... "], "AVQ": ["wh-adverb", "when, how, why "], "PUL": ["punctuation", "left bracket - ( or [ ) "], "POS": ["the possessive (or genitive morpheme)", "'s or ' "], "CJT": ["the conjunction THAT", "that "]}